name,start,end,cagr,vol,sharpe,excess_sharpe,maxdd,calmar,turnover_ann,beta_spy,corr_spy,final,observations,cost_bps
trend3_plus_0pct_static_qqq,2007-01-03,2026-07-31,0.10108665770263414,0.10907836047706243,0.9446156643676389,0.8045064740520937,-0.15947166587841777,0.633884754045921,3.2364724621229626,0.3355761193978229,0.6033372289706128,6.58543779087279,4925,5
trend3_plus_0pct_static_qqq,2007-01-03,2026-07-31,0.09930508882537081,0.10906438961992905,0.9303146712268168,0.7898777458836612,-0.15975520271759192,0.6216078546181554,3.2364724621229626,0.33547468128134406,0.6032321144188372,6.379982681851094,4925,10
trend3_plus_0pct_static_qqq,2007-01-03,2026-07-31,0.09574821496830932,0.10905475723100075,0.9015503029074466,0.7604780154626553,-0.16032227639594132,0.5972233997716194,3.236472462122963,0.33527180504838616,0.6029205624990477,5.987847608294592,4925,20
trend3_plus_0pct_static_qqq,2007-01-03,2026-07-31,0.09042853901236492,0.10908608640368955,0.8580339983383538,0.7160606222925753,-0.16117288691346487,0.5610654542715785,3.2364724621229626,0.3349674906989493,0.6022003131713212,5.443789885169963,4925,35
trend3_plus_0pct_static_qqq,2007-01-03,2026-07-31,0.08512758502912954,0.10917230070327431,0.8141331800504025,0.6713235904086289,-0.16202349743098843,0.5254027124392152,3.2364724621229626,0.33466317634951265,0.6011780899932139,4.948531257641764,4925,50
trend3_plus_10pct_static_qqq,2007-01-03,2026-07-31,0.10808090373581392,0.11398486167216008,0.9641867722149747,0.8292803185521475,-0.17188071865144428,0.62881342703128,2.936019327408709,0.404047610305902,0.6951732372838232,7.454364721863724,4925,5
trend3_plus_10pct_static_qqq,2007-01-03,2026-07-31,0.10645444197196574,0.11396971692335615,0.9518341676044719,0.8166639807576095,-0.17213270940777514,0.6184440036889192,2.936019327408709,0.40395660431836466,0.6951090159573287,7.243094801984289,4925,10
trend3_plus_10pct_static_qqq,2007-01-03,2026-07-31,0.10320671634228185,0.11395353095715885,0.927004361498854,0.7913210891868214,-0.1726366909204372,0.5978260808407557,2.936019327408709,0.40377459234328983,0.6948945073794128,6.838110675353185,4925,20
trend3_plus_10pct_static_qqq,2007-01-03,2026-07-31,0.09834810356716783,0.11396452149602904,0.8894710671640408,0.7530550904227568,-0.17339266318942992,0.5671987600751216,2.936019327408709,0.4035015743806777,0.6943576754280687,6.272146818649483,4925,35
trend3_plus_10pct_static_qqq,2007-01-03,2026-07-31,0.09350503110217923,0.11401782105033184,0.8516288770286075,0.7145259728412047,-0.17414863545842307,0.53692657916061,2.936019327408709,0.4032285564180648,0.6935634882987435,5.75242244661556,4925,50
trend3_plus_20pct_static_qqq,2007-01-03,2026-07-31,0.11485495085067887,0.12102990864863991,0.9651471854636293,0.8371175349405721,-0.19763335040068797,0.5811516660412749,2.6348356693655033,0.4730071205597934,0.7664479225688091,8.39883649132129,4925,5
trend3_plus_20pct_static_qqq,2007-01-03,2026-07-31,0.1133863936223054,0.12101465150749345,0.954761970907989,0.8265278178692556,-0.19877475149274648,0.5704265394412681,2.6348356693655033,0.4729264127767388,0.7664137606845317,8.184916471444712,4925,10
trend3_plus_20pct_static_qqq,2007-01-03,2026-07-31,0.1104534930038743,0.12099457521892236,0.9339031106423563,0.8052695898052971,-0.20135643938185066,0.5485471105019454,2.6348356693655033,0.47276499721063003,0.7662792997679203,7.773065964932166,4925,20
trend3_plus_20pct_static_qqq,2007-01-03,2026-07-31,0.10606466251677626,0.1209905665091584,0.9024070867391537,0.7731991145785425,-0.2054519973562201,0.5162503352687173,2.6348356693655033,0.4725228738614671,0.7659122307646052,7.1933149742561735,4925,35
trend3_plus_20pct_static_qqq,2007-01-03,2026-07-31,0.10168843392802684,0.121017885632236,0.870683523965229,0.7409313926764308,-0.20952949791451136,0.4853179859645157,2.6348356693655037,0.4722807505123036,0.7653469611921652,6.656243431973911,4925,50
trend3_plus_25pct_static_qqq,2007-01-03,2026-07-31,0.11815817378606863,0.12525684588196795,0.9602983565244492,0.8360933612914445,-0.22160083424942534,0.5332027480233867,2.4836899854040446,0.5076794270903454,0.7948693876062713,8.899556964421539,4925,5
trend3_plus_25pct_static_qqq,2007-01-03,2026-07-31,0.11676974726369416,0.1252418748763694,0.9508658940502963,0.8264827431545335,-0.2226521959391904,0.5244491156762977,2.4836899854040446,0.50760392019177,0.7948461690580968,8.68573534528037,4925,10
trend3_plus_25pct_static_qqq,2007-01-03,2026-07-31,0.11399664722001734,0.12522077618629548,0.931928383187534,0.807196631710655,-0.2247513587502955,0.5072122716137638,2.4836899854040446,0.5074529063946187,0.7947435850897763,8.273174605046794,4925,20
trend3_plus_25pct_static_qqq,2007-01-03,2026-07-31,0.10984636763243749,0.12521124606860784,0.9033505479188172,0.7781155274981392,-0.2278912178364514,0.4820122893514481,2.4836899854040446,0.5072263856988922,0.7944492841628897,7.690304007914622,4925,35
trend3_plus_25pct_static_qqq,2007-01-03,2026-07-31,0.10570731339269934,0.1252282615880479,0.8745829304159273,0.7488687413155265,-0.23102044078907202,0.45756692798111753,2.4836899854040446,0.5069998650031653,0.7939865950528109,7.147962315714795,4925,50
trend3_plus_33pct_static_qqq,2007-01-03,2026-07-31,0.12353780937174452,0.13320812527659093,0.9466368771374687,0.8290797340896144,-0.26062628234516383,0.4740036509753671,2.2303512155079166,0.5657654764740132,0.8329393985632983,9.776151609660875,4925,5
trend3_plus_33pct_static_qqq,2007-01-03,2026-07-31,0.12228498627125783,0.133194020944083,0.9387136715532187,0.8210167877126116,-0.26153364753678965,0.46756884792063375,2.2303512155079166,0.5656986028003795,0.8329291369793356,9.564976443826783,4925,10
trend3_plus_33pct_static_qqq,2007-01-03,2026-07-31,0.11978237149710047,0.13317236039556626,0.922816847885682,0.8048456276351236,-0.26334556340628823,0.454848640500166,2.2303512155079166,0.5655648554531116,0.8328676529767667,9.15602706703708,4925,20
trend3_plus_33pct_static_qqq,2007-01-03,2026-07-31,0.11603601896485083,0.13315624704788492,0.8988513466233048,0.7804816724195658,-0.2660564128636006,0.43613314077243887,2.2303512155079166,0.5653642344322094,0.8326729627379934,8.574717059800854,4925,35
trend3_plus_33pct_static_qqq,2007-01-03,2026-07-31,0.11229873569439364,0.13315979236750222,0.8747508840610648,0.7559987048605775,-0.2687588521755421,0.4178419977067203,2.2303512155079166,0.5651636134113073,0.8323553248186603,8.02982447005971,4925,50
trend3_plus_50pct_static_qqq,2007-01-03,2026-07-31,0.1338165387965382,0.1519148386997715,0.9074154615711334,0.8031297618349433,-0.33591777720656435,0.3983609915180256,1.717660745575769,0.6831288951104671,0.8818813070028629,11.683748315060717,4925,5
trend3_plus_50pct_static_qqq,2007-01-03,2026-07-31,0.13284283490368654,0.15190351265443228,0.9021412755686768,0.7977735780504781,-0.3365635557455572,0.3947035638169809,1.717660745575769,0.6830792231503771,0.8818829322550047,11.488911814721591,4925,10
trend3_plus_50pct_static_qqq,2007-01-03,2026-07-31,0.13089720362058377,0.1518840767558251,0.8915716640229614,0.7870419812162437,-0.33785349785040886,0.387437763567394,1.717660745575769,0.6829798792301975,0.8818675092751203,11.108791206317116,4925,20
trend3_plus_50pct_static_qqq,2007-01-03,2026-07-31,0.12798319350384402,0.15186296630494678,0.8756657917393446,0.770898201132321,-0.33978437923442983,0.3766600271389865,1.717660745575769,0.6828308633499276,0.8817976606609695,10.561726062562308,4925,35
trend3_plus_50pct_static_qqq,2007-01-03,2026-07-31,0.12507450043783863,0.1518515113723988,0.8597008289148985,0.7547014837009437,-0.34171043153412406,0.36602482363886624,1.717660745575769,0.6826818474696587,0.8816717277309898,10.041218918592445,4925,50
