signal_date,execution_date,target_SPY,target_QQQ,target_GLD,target_BIL,execution_adj_open_SPY,execution_adj_open_QQQ,execution_adj_open_GLD,execution_adj_open_BIL
2006-12-29,2007-01-03,0.26666666666666666,0.4666666666666667,0.26666666666666666,0.0,99.48494551812315,37.22732276375246,63.58000183105469,
2007-01-31,2007-02-01,0.26666666666666666,0.4666666666666667,0.26666666666666666,0.0,100.81372357669404,37.92114806025975,65.44999694824219,
2007-02-28,2007-03-01,0.26666666666666666,0.4666666666666667,0.26666666666666666,0.0,97.4497627927348,36.44783356166403,66.2300033569336,
2007-03-30,2007-04-02,0.26666666666666666,0.4666666666666667,0.26666666666666666,0.0,99.81632232666016,37.43077403752768,65.73999786376953,
2007-04-30,2007-05-01,0.26666666666666666,0.4666666666666667,0.26666666666666666,0.0,104.21166432301052,39.40216915931606,66.9800033569336,
2007-05-31,2007-06-01,0.26666666666666666,0.4666666666666667,0.26666666666666666,0.0,108.04541079936304,40.78213669995591,65.69999694824219,70.60295867919922
2007-06-29,2007-07-02,0.26666666666666666,0.4666666666666667,0.26666666666666666,0.0,106.38857047467478,40.92554379825284,64.51000213623047,70.91590881347656
2007-07-31,2007-08-01,0.26666666666666666,0.4666666666666667,0.26666666666666666,0.0,102.37617794630572,40.65106771428544,65.5,71.17130038828428
2007-08-31,2007-09-04,0.26666666666666666,0.4666666666666667,0.26666666666666666,0.0,103.97691662688356,41.972080061897785,66.73999786376953,71.47747972869766
2007-09-28,2007-10-01,0.26666666666666666,0.4666666666666667,0.26666666666666666,0.0,108.11900963532598,44.15666280715203,73.48999786376953,71.6492129938697
2007-10-31,2007-11-01,0.26666666666666666,0.4666666666666667,0.26666666666666666,0.0,108.60783314707464,46.92877902473265,78.4000015258789,71.9170136730664
2007-11-30,2007-12-03,0.26666666666666666,0.4666666666666667,0.26666666666666666,0.0,104.99451954921965,43.847680381959904,77.38999938964844,72.29278346109513
2007-12-31,2008-01-02,0.0,0.4666666666666667,0.26666666666666666,0.2666666666666666,104.3693467938352,44.04804489061764,83.55999755859375,72.40162237300345
2008-01-31,2008-02-01,0.0,0.2,0.26666666666666666,0.5333333333333333,98.25089485035484,39.09081016923484,91.75,73.10596285477241
2008-02-29,2008-03-03,0.0,0.2,0.26666666666666666,0.5333333333333333,94.83195276227116,36.874208368793234,97.5199966430664,72.75268109425555
2008-03-31,2008-04-01,0.0,0.2,0.26666666666666666,0.5333333333333333,95.6379042220762,38.19276612446775,87.86000061035156,72.92725978316209
2008-04-30,2008-05-01,0.0,0.2,0.26666666666666666,0.5333333333333333,99.05228252811726,40.60884972586014,84.51000213623047,72.98138707059758
2008-05-30,2008-06-02,0.0,0.4666666666666667,0.26666666666666666,0.2666666666666666,100.09013696998583,42.92171919073609,87.47000122070312,72.9766607244402
2008-06-30,2008-07-01,0.0,0.2,0.26666666666666666,0.5333333333333333,91.01588356706856,38.55496867339525,92.52999877929688,73.16150066156175
2008-07-31,2008-08-01,0.0,0.2,0.26666666666666666,0.5333333333333333,91.44750045612378,39.15724821951605,89.5,73.25083940128788
2008-08-29,2008-09-02,0.0,0.2,0.0,0.8,93.54086007987452,40.32739846991157,78.16000366210938,73.33550262841571
2008-09-30,2008-10-01,0.0,0.2,0.0,0.8,83.402818872757,33.4408538150465,86.2300033569336,74.01254727386075
2008-10-31,2008-11-03,0.0,0.2,0.0,0.8,70.02450458414779,28.249076254865308,71.55000305175781,73.6073780256124
2008-11-28,2008-12-01,0.0,0.2,0.0,0.8,63.31724746851395,24.538214504971855,77.1500015258789,73.71340510492236
2008-12-31,2009-01-02,0.0,0.2,0.26666666666666666,0.5333333333333333,65.96845185074008,25.651634858366,85.93000030517578,73.59779807782432
2009-01-30,2009-02-02,0.0,0.2,0.26666666666666666,0.5333333333333333,59.49852463889632,24.815268063814287,89.87999725341797,73.64271930947761
2009-02-27,2009-03-02,0.0,0.2,0.26666666666666666,0.5333333333333333,52.89730120660046,23.38394821940922,93.4000015258789,73.67005702778064
2009-03-31,2009-04-01,0.0,0.2,0.26666666666666666,0.5333333333333333,57.691066399645536,25.858150691387404,91.33999633789062,73.65079498291016
2009-04-30,2009-05-01,0.0,0.4666666666666667,0.26666666666666666,0.2666666666666666,64.2367066173156,29.59781978802427,86.75,73.6588253087354
2009-05-29,2009-06-01,0.26666666666666666,0.4666666666666667,0.26666666666666666,0.0,68.81349711595809,30.884695783530365,96.47000122070312,73.69733325010976
2009-06-30,2009-07-01,0.26666666666666666,0.4666666666666667,0.26666666666666666,0.0,68.2196259421987,31.614457271451577,92.30999755859376,73.68292236328125
2009-07-31,2009-08-03,0.26666666666666666,0.4666666666666667,0.26666666666666666,0.0,73.76791654406053,34.4766937584508,94.13999938964844,73.65399169921875
2009-08-31,2009-09-01,0.26666666666666666,0.4666666666666667,0.26666666666666666,0.0,75.31935934094572,34.49399919213078,93.41000366210938,73.68932866907942
2009-09-30,2009-10-01,0.26666666666666666,0.4666666666666667,0.26666666666666666,0.0,76.45755576044841,36.44027920278562,98.83999633789062,73.67649223437998
2009-10-30,2009-11-02,0.26666666666666666,0.4666666666666667,0.26666666666666666,0.0,77.29637602533923,35.48815315327431,103.5,73.71021270751953
2009-11-30,2009-12-01,0.26666666666666666,0.4666666666666667,0.26666666666666666,0.0,82.33662568899399,37.98963900663226,117.3000030517578,73.69415613259025
2009-12-31,2010-01-04,0.26666666666666666,0.4666666666666667,0.26666666666666666,0.0,83.86203369631833,40.16852769512618,109.81999969482422,73.66846466064453
2010-01-29,2010-02-01,0.26666666666666666,0.4666666666666667,0.26666666666666666,0.0,80.71263692324504,37.19469632748752,106.63999938964844,73.66846908416524
2010-02-26,2010-03-01,0.26666666666666666,0.4666666666666667,0.26666666666666666,0.0,82.98887155727549,38.98072162303228,109.4800033569336,73.6845324448892
2010-03-31,2010-04-01,0.26666666666666666,0.4666666666666667,0.26666666666666666,0.0,88.27650451660156,41.97331213768047,109.97000122070312,73.6524045025889
2010-04-30,2010-05-03,0.26666666666666666,0.4666666666666667,0.26666666666666666,0.0,89.46047490858176,42.91935987250168,115.91000366210938,73.66846466064453
2010-05-28,2010-06-01,0.0,0.4666666666666667,0.26666666666666666,0.2666666666666666,81.19490201225848,39.43026334220016,119.87999725341795,73.66846908416524
2010-06-30,2010-07-01,0.0,0.2,0.26666666666666666,0.5333333333333333,77.66590773826339,37.32603767999488,120.91000366210938,73.68453979492188
2010-07-30,2010-08-02,0.0,0.4666666666666667,0.26666666666666666,0.2666666666666666,84.32189670137855,40.41912210987071,116.12000274658205,73.65239715576172
2010-08-31,2010-09-01,0.0,0.2,0.26666666666666666,0.5333333333333333,80.36140890439947,38.42385065412255,122.1500015258789,73.66846466064453
2010-09-30,2010-10-01,0.26666666666666666,0.4666666666666667,0.26666666666666666,0.0,87.04423917863183,43.21235354093768,127.91000366210938,73.66846466064453
2010-10-29,2010-11-01,0.26666666666666666,0.4666666666666667,0.26666666666666666,0.0,90.13266545809736,45.73627164563225,132.85000610351562,73.68453979492188
2010-11-30,2010-12-01,0.26666666666666666,0.4666666666666667,0.26666666666666666,0.0,90.98805253352944,46.16420696303004,135.7100067138672,73.68453537043618
2010-12-31,2011-01-03,0.26666666666666666,0.4666666666666667,0.26666666666666666,0.0,96.42038055566174,48.10212196119201,138.6699981689453,73.66846908416524
2011-01-31,2011-02-01,0.26666666666666666,0.4666666666666667,0.26666666666666666,0.0,98.51304859181948,49.37095926079261,130.52000427246094,73.66846466064453
2011-02-28,2011-03-01,0.26666666666666666,0.4666666666666667,0.26666666666666666,0.0,101.64051928870056,50.77105211542329,138.57000732421875,73.68453537043618
2011-03-31,2011-04-01,0.26666666666666666,0.4666666666666667,0.26666666666666666,0.0,101.95978503358045,50.57979802370178,138.64999389648438,73.68453537043618
2011-04-29,2011-05-02,0.26666666666666666,0.4666666666666667,0.26666666666666666,0.0,104.75699332481604,51.85042740624901,151.4600067138672,73.68453537043618
2011-05-31,2011-06-01,0.26666666666666666,0.4666666666666667,0.26666666666666666,0.0,102.800449205505,51.01795592824447,149.66000366210938,73.66846466064453
2011-06-30,2011-07-01,0.26666666666666666,0.4666666666666667,0.26666666666666666,0.0,101.4514351743952,50.13114106698131,144.75999450683594,73.68453537043618
2011-07-29,2011-08-01,0.26666666666666666,0.4666666666666667,0.26666666666666666,0.0,100.49136379093292,51.55391765978865,157.47000122070312,73.66846908416524
2011-08-31,2011-09-01,0.0,0.2,0.26666666666666666,0.5333333333333333,93.92456630145104,48.48002107477463,177.44000244140625,73.66846908416524
2011-09-30,2011-10-03,0.0,0.2,0.26666666666666666,0.5333333333333333,86.8447052548204,45.77186634772402,161.08999633789062,73.66846466064453
2011-10-31,2011-11-01,0.0,0.4666666666666667,0.26666666666666666,0.2666666666666666,94.20976705958525,49.73137302132463,164.02999877929688,73.66846466064453
2011-11-30,2011-12-01,0.0,0.4666666666666667,0.26666666666666666,0.2666666666666666,96.38683989920573,49.60817875739204,169.85000610351562,73.63631439208984
2011-12-30,2012-01-03,0.26666666666666666,0.2,0.0,0.5333333333333333,99.259007097788,50.26616293689222,154.75999450683594,73.63953790039659
2012-01-31,2012-02-01,0.26666666666666666,0.4666666666666667,0.26666666666666666,0.0,102.77844545238668,53.7727068184482,169.75,73.62346649169922
2012-02-29,2012-03-01,0.26666666666666666,0.4666666666666667,0.26666666666666666,0.0,106.67854834207029,57.10256894403972,166.10000610351562,73.62346649169922
2012-03-30,2012-04-02,0.26666666666666666,0.4666666666666667,0.0,0.2666666666666666,109.74455411747012,59.70335370624581,161.9600067138672,73.62349478982031
2012-04-30,2012-05-01,0.26666666666666666,0.4666666666666667,0.0,0.2666666666666666,109.08127778346406,59.004420755030125,162.08999633789062,73.62345496100718
2012-05-31,2012-06-01,0.26666666666666666,0.4666666666666667,0.0,0.2666666666666666,100.98153715406356,53.91707828911005,155.41000366210938,73.6395263671875
2012-06-29,2012-07-02,0.26666666666666666,0.4666666666666667,0.0,0.2666666666666666,107.0502080888635,56.976263749657214,154.6699981689453,73.60742950439453
2012-07-31,2012-08-01,0.26666666666666666,0.4666666666666667,0.0,0.2666666666666666,108.79153735113246,57.87193196704998,155.17999267578125,73.63953790039659
2012-08-31,2012-09-04,0.26666666666666666,0.4666666666666667,0.26666666666666666,0.0,110.62692656712856,60.32831027882615,164.11000061035156,73.60742950439453
2012-09-28,2012-10-01,0.26666666666666666,0.4666666666666667,0.26666666666666666,0.0,113.9616358236948,61.2740546190127,172.8300018310547,73.60742950439453
2012-10-31,2012-11-01,0.26666666666666666,0.4666666666666667,0.26666666666666666,0.0,111.698476543355,58.12590165162504,167.02000427246094,73.62346649169922
2012-11-30,2012-12-03,0.26666666666666666,0.4666666666666667,0.26666666666666666,0.0,112.60531468738606,58.97073290827344,166.11000061035156,73.60742950439453
2012-12-31,2013-01-02,0.26666666666666666,0.4666666666666667,0.26666666666666666,0.0,115.23846118512463,59.674782968901525,163.49000549316406,73.60742950439453
2013-01-31,2013-02-01,0.26666666666666666,0.4666666666666667,0.0,0.2666666666666666,119.63798193919844,60.22026945167449,162.66000366210938,73.5913314819336
2013-02-28,2013-03-01,0.26666666666666666,0.4666666666666667,0.0,0.2666666666666666,119.9874610405932,59.79999519196227,153.16000366210938,73.60742950439453
2013-03-28,2013-04-01,0.26666666666666666,0.4666666666666667,0.0,0.2666666666666666,124.90833301867713,61.865504951673024,154.57000732421875,73.60740289099746
2013-04-30,2013-05-01,0.26666666666666666,0.4666666666666667,0.0,0.2666666666666666,127.09398028000764,63.40720115500133,140.58999633789062,73.5913314819336
2013-05-31,2013-06-03,0.26666666666666666,0.4666666666666667,0.0,0.2666666666666666,130.68354705804813,65.666018163595,134.77000427246094,73.5913580895199
2013-06-28,2013-07-01,0.26666666666666666,0.4666666666666667,0.0,0.2666666666666666,129.31415339660157,64.5159636385031,119.94000244140624,73.5913580895199
2013-07-31,2013-08-01,0.26666666666666666,0.4666666666666667,0.0,0.2666666666666666,136.3147496611547,68.59821903965138,127.83999633789062,73.57525634765625
2013-08-30,2013-09-03,0.26666666666666666,0.4666666666666667,0.0,0.2666666666666666,132.49761181333005,68.41842056168636,135.4600067138672,73.57526620231636
2013-09-30,2013-10-01,0.26666666666666666,0.4666666666666667,0.0,0.2666666666666666,135.48841715531478,71.14908848470576,125.25,73.5913314819336
2013-10-31,2013-11-01,0.26666666666666666,0.4666666666666667,0.0,0.2666666666666666,141.8382276284238,74.9189841593662,126.86000061035156,73.57523735735298
2013-11-29,2013-12-02,0.26666666666666666,0.4666666666666667,0.0,0.2666666666666666,145.92363168366563,77.40816221764761,119.1999969482422,73.55916595458984
2013-12-31,2014-01-02,0.26666666666666666,0.4666666666666667,0.0,0.2666666666666666,149.0572619019038,79.21022002614771,117.93000030517578,73.5431137084961
2014-01-31,2014-02-03,0.26666666666666666,0.4666666666666667,0.0,0.2666666666666666,144.18806858252796,77.90734979337616,120.47000122070312,73.55917898466075
2014-02-28,2014-03-03,0.26666666666666666,0.4666666666666667,0.26666666666666666,0.0,149.60007015290114,81.30146645608627,130.0,73.54310068127094
2014-03-31,2014-04-01,0.26666666666666666,0.4666666666666667,0.0,0.2666666666666666,152.6772090689357,80.22171287165585,123.70999908447266,73.5431137084961
2014-04-30,2014-05-01,0.26666666666666666,0.4666666666666667,0.0,0.2666666666666666,153.1654757800572,79.702641018679,123.16999816894533,73.5430794547651
2014-05-30,2014-06-02,0.26666666666666666,0.4666666666666667,0.0,0.2666666666666666,157.0145368016241,83.24479539347135,119.93000030517578,73.52700805664062
2014-06-30,2014-07-01,0.26666666666666666,0.4666666666666667,0.26666666666666666,0.0,160.42432465971527,86.0432151435318,127.98999786376952,73.52704230288613
2014-07-31,2014-08-01,0.26666666666666666,0.4666666666666667,0.0,0.2666666666666666,157.4480442446354,86.57278391611798,124.54000091552734,73.52700805664062
2014-08-29,2014-09-02,0.26666666666666666,0.4666666666666667,0.26666666666666666,0.0,164.32452363670265,91.3204883711313,121.97000122070312,73.510986328125
2014-09-30,2014-10-01,0.26666666666666666,0.4666666666666667,0.0,0.2666666666666666,161.58490215839535,90.1558279337636,116.61000061035156,73.52700805664062
2014-10-31,2014-11-03,0.26666666666666666,0.4666666666666667,0.0,0.2666666666666666,165.8729879169199,92.96546036293616,112.38999938964844,73.5109917320151
2014-11-28,2014-12-01,0.26666666666666666,0.4666666666666667,0.0,0.2666666666666666,169.55325764617268,96.75436970524277,113.8000030517578,73.49492645263672
2014-12-31,2015-01-02,0.26666666666666666,0.4666666666666667,0.0,0.2666666666666666,170.47255808561408,95.31438962748616,112.48999786376952,73.47886657714844
2015-01-30,2015-02-02,0.26666666666666666,0.4666666666666667,0.26666666666666666,0.0,165.24390342208943,93.08219643984764,121.83999633789062,73.49493798849596
2015-02-27,2015-03-02,0.26666666666666666,0.4666666666666667,0.0,0.2666666666666666,174.10702503800874,99.7696519877306,116.5,73.4627685546875
2015-03-31,2015-04-01,0.26666666666666666,0.4666666666666667,0.0,0.2666666666666666,171.24180662976426,97.22771889721692,114.55999755859376,73.46278771697075
2015-04-30,2015-05-01,0.26666666666666666,0.4666666666666667,0.0,0.2666666666666666,173.73920137750798,99.4834957564116,112.41999816894533,73.44671630859375
2015-05-29,2015-06-01,0.26666666666666666,0.4666666666666667,0.0,0.2666666666666666,175.84661200993233,101.86813963593885,115.0199966430664,73.46278771697075
2015-06-30,2015-07-01,0.26666666666666666,0.4666666666666667,0.0,0.2666666666666666,173.1919387824699,99.78612539769496,112.12000274658205,73.44671630859375
2015-07-31,2015-08-03,0.26666666666666666,0.4666666666666667,0.0,0.2666666666666666,175.46805330387474,103.32980128422236,104.58999633789062,73.44671630859375
2015-08-31,2015-09-01,0.0,0.2,0.0,0.8,161.01111043486603,93.86154699198784,109.62999725341795,73.44671630859375
2015-09-30,2015-10-01,0.0,0.2,0.0,0.8,160.97655705897594,94.3026395450525,106.9800033569336,73.41456976809638
2015-10-30,2015-11-02,0.26666666666666666,0.4666666666666667,0.0,0.2666666666666666,174.5868408471371,105.11681801870972,108.63999938964844,73.39849853515625
2015-11-30,2015-12-01,0.26666666666666666,0.4666666666666667,0.0,0.2666666666666666,175.52549796832068,105.90317940327108,102.3000030517578,73.41456381062706
2015-12-31,2016-01-04,0.0,0.4666666666666667,0.0,0.5333333333333333,169.0247682515306,101.55923087117432,103.12999725341795,73.4145736694336
2016-01-29,2016-02-01,0.0,0.2,0.0,0.8,162.31398819603547,96.1588040558968,107.54000091552734,73.39852532923973
2016-02-29,2016-03-01,0.0,0.2,0.26666666666666666,0.5333333333333333,164.4047941583446,96.0196422479478,118.73999786376952,73.3985083918054
2016-03-31,2016-04-01,0.26666666666666666,0.4666666666666667,0.26666666666666666,0.0,173.16752418241117,101.01360051456848,116.08000183105467,73.4145736694336
2016-04-29,2016-05-02,0.26666666666666666,0.2,0.26666666666666666,0.2666666666666666,175.34531294727643,98.64041801392504,123.77999877929688,73.44670645109088
2016-05-31,2016-06-01,0.26666666666666666,0.4666666666666667,0.26666666666666666,0.0,177.20964832225997,102.3723683860287,115.97000122070312,73.43065102966311
2016-06-30,2016-07-01,0.26666666666666666,0.4666666666666667,0.26666666666666666,0.0,178.43779173602485,100.30283932353149,127.66000366210938,73.44669715050262
2016-07-29,2016-08-01,0.26666666666666666,0.4666666666666667,0.26666666666666666,0.0,185.0053269756298,107.59997458930414,128.57000732421875,73.44671630859375
2016-08-31,2016-09-01,0.26666666666666666,0.4666666666666667,0.26666666666666666,0.0,185.1586192774392,108.69174631714512,124.66999816894533,73.4627685546875
2016-09-30,2016-10-03,0.26666666666666666,0.4666666666666667,0.26666666666666666,0.0,184.7669942711101,110.91919615426914,125.31999969482422,73.47883382942761
2016-10-31,2016-11-01,0.26666666666666666,0.4666666666666667,0.26666666666666666,0.0,182.2927583487816,109.6282569647706,122.8000030517578,73.49493798849596
2016-11-30,2016-12-01,0.26666666666666666,0.4666666666666667,0.0,0.2666666666666666,188.97047105412133,109.88083358403613,111.11000061035156,73.4643695519837
2016-12-30,2017-01-03,0.26666666666666666,0.4666666666666667,0.0,0.2666666666666666,193.7959119760837,111.90401951212635,109.62000274658205,73.51099395751953
2017-01-31,2017-02-01,0.26666666666666666,0.4666666666666667,0.0,0.2666666666666666,195.940229270556,117.70231727129216,114.66000366210938,73.49975059700441
2017-02-28,2017-03-01,0.26666666666666666,0.4666666666666667,0.0,0.2666666666666666,205.29244133183445,122.76885177892636,117.9800033569336,73.51905059814453
2017-03-31,2017-04-03,0.26666666666666666,0.4666666666666667,0.0,0.2666666666666666,203.94541794497783,124.5660747336346,118.69000244140624,73.52548451329189
2017-04-28,2017-05-01,0.26666666666666666,0.4666666666666667,0.26666666666666666,0.0,206.43637084960935,128.27985893394936,120.20999908447266,73.60112364469812
2017-05-31,2017-06-01,0.26666666666666666,0.4666666666666667,0.26666666666666666,0.0,209.28189341336648,133.1124277249133,120.16999816894533,73.61239685050879
2017-06-30,2017-07-03,0.26666666666666666,0.4666666666666667,0.26666666666666666,0.0,211.09342148732745,130.354560438452,116.54000091552734,73.66877074935155
2017-07-31,2017-08-01,0.26666666666666666,0.4666666666666667,0.26666666666666666,0.0,215.0740239668256,135.4925799032241,120.44000244140624,73.70423466823583
2017-08-31,2017-09-01,0.26666666666666666,0.4666666666666667,0.26666666666666666,0.0,215.4737980552117,138.0097174453023,126.01000213623048,73.78972625732422
2017-09-29,2017-10-02,0.26666666666666666,0.4666666666666667,0.26666666666666666,0.0,219.6613350193713,137.6315083523917,121.16999816894533,73.84136199951172
2017-10-31,2017-11-01,0.26666666666666666,0.4666666666666667,0.26666666666666666,0.0,225.38233948819277,144.33029457443016,120.9800033569336,73.89788818359375
2017-11-30,2017-12-01,0.26666666666666666,0.4666666666666667,0.26666666666666666,0.0,231.25190080537664,145.69079294311308,120.94000244140624,73.94315535702535
2017-12-29,2018-01-02,0.26666666666666666,0.4666666666666667,0.26666666666666666,0.0,235.13784025255728,148.22994776455593,124.66000366210938,73.9932861328125
2018-01-31,2018-02-01,0.26666666666666666,0.4666666666666667,0.26666666666666666,0.0,246.7524977240842,159.15592692182747,127.18000030517578,74.06291498761514
2018-02-28,2018-03-01,0.26666666666666666,0.4666666666666667,0.26666666666666666,0.0,238.27192412429704,158.39850998085222,124.1500015258789,74.13502309541325
2018-03-29,2018-04-02,0.26666666666666666,0.4666666666666667,0.26666666666666666,0.0,231.41687299833717,150.77485088321868,126.6500015258789,74.23639678955078
2018-04-30,2018-05-01,0.26666666666666666,0.4666666666666667,0.26666666666666666,0.0,232.5803710728657,152.2257998756392,123.9000015258789,74.31514287700679
2018-05-31,2018-06-01,0.26666666666666666,0.4666666666666667,0.0,0.2666666666666666,240.1077238291745,162.0884108928595,122.58000183105467,74.43379974365234
2018-06-29,2018-07-02,0.26666666666666666,0.4666666666666667,0.0,0.2666666666666666,238.61826608752668,161.59903063796187,118.18000030517578,74.53719885321951
2018-07-31,2018-08-01,0.26666666666666666,0.4666666666666667,0.0,0.2666666666666666,249.28710347754523,168.0804570997395,115.62999725341795,74.63903576856346
2018-08-31,2018-09-04,0.26666666666666666,0.4666666666666667,0.0,0.2666666666666666,256.61799092686505,176.84283086159652,112.75,74.75985156988506
2018-09-28,2018-10-01,0.26666666666666666,0.4666666666666667,0.0,0.2666666666666666,259.7985762633335,177.91318020403395,112.4000015258789,74.87105560302734
2018-10-31,2018-11-01,0.0,0.2,0.0,0.8,241.55725087311623,161.91839536885564,116.33000183105467,75.01028442382812
2018-11-30,2018-12-03,0.26666666666666666,0.2,0.0,0.5333333333333333,249.2770797576099,164.81266576105054,116.5999984741211,75.13080596923828
2018-12-31,2019-01-02,0.0,0.2,0.26666666666666666,0.5333333333333333,220.04875178700223,144.1642273096665,121.3499984741211,75.27883055034748
2019-01-31,2019-02-01,0.0,0.2,0.26666666666666666,0.5333333333333333,241.67077991950413,159.76551068152705,124.88999938964844,75.41794625125463
2019-02-28,2019-03-01,0.26666666666666666,0.4666666666666667,0.26666666666666666,0.0,250.87595977067372,166.55410548234215,123.4800033569336,75.54989624023438
2019-03-29,2019-04-01,0.26666666666666666,0.4666666666666667,0.26666666666666666,0.0,255.80866998313056,173.6199014125218,122.4000015258789,75.67874797563074
2019-04-30,2019-05-01,0.26666666666666666,0.4666666666666667,0.26666666666666666,0.0,264.8119019337827,182.48696471980216,121.02999877929688,75.82280731201172
2019-05-31,2019-06-03,0.0,0.4666666666666667,0.26666666666666666,0.2666666666666666,247.37156112390167,165.938934438959,124.08999633789062,75.97702026367188
2019-06-28,2019-07-01,0.26666666666666666,0.4666666666666667,0.26666666666666666,0.0,267.86945491993043,182.44938863078625,131.55999755859375,76.12243985213391
2019-07-31,2019-08-01,0.26666666666666666,0.4666666666666667,0.26666666666666666,0.0,268.70017713336995,183.51348771011567,132.4199981689453,76.26814179749938
2019-08-30,2019-09-03,0.26666666666666666,0.4666666666666667,0.26666666666666666,0.0,262.3528412178477,178.51898445073076,144.9600067138672,76.3998794555664
2019-09-30,2019-10-01,0.26666666666666666,0.4666666666666667,0.26666666666666666,0.0,270.06797514180766,182.0296287104128,138.07000732421875,76.51437200439088
2019-10-31,2019-11-01,0.26666666666666666,0.4666666666666667,0.26666666666666666,0.0,276.5807027657832,190.127357525203,142.2100067138672,76.63066864013672
2019-11-29,2019-12-02,0.26666666666666666,0.4666666666666667,0.26666666666666666,0.0,285.3519574335292,197.02428859014643,137.32000732421875,76.71191405876758
2019-12-31,2020-01-02,0.26666666666666666,0.4666666666666667,0.26666666666666666,0.0,294.9129662119836,206.3945739224965,143.86000061035156,76.81685467820925
2020-01-31,2020-02-03,0.26666666666666666,0.4666666666666667,0.26666666666666666,0.0,294.73972960780577,211.9202780928953,148.66000366210938,76.90755983704085
2020-02-28,2020-03-02,0.0,0.4666666666666667,0.26666666666666666,0.2666666666666666,271.82423989590694,201.0806973544826,150.0,76.99758381818366
2020-03-31,2020-04-01,0.0,0.2,0.26666666666666666,0.5333333333333333,227.3677253962696,178.25000066836228,148.1999969482422,77.1423974655574
2020-04-30,2020-05-01,0.0,0.4666666666666667,0.26666666666666666,0.2666666666666666,261.594889070107,206.930906284112,158.0,77.12892897943242
2020-05-29,2020-06-01,0.26666666666666666,0.4666666666666667,0.26666666666666666,0.0,278.38289544316814,224.2571276442303,162.9199981689453,77.11206444218962
2020-06-30,2020-07-01,0.26666666666666666,0.4666666666666667,0.26666666666666666,0.0,285.08736775765794,239.31696319324516,167.0500030517578,77.11207580566406
2020-07-31,2020-08-03,0.26666666666666666,0.4666666666666667,0.26666666666666666,0.0,302.3546141881708,258.9926095304385,185.0500030517578,77.11207580566406
2020-08-31,2020-09-01,0.26666666666666666,0.4666666666666667,0.26666666666666666,0.0,322.5132963995055,287.61709768256185,186.9900054931641,77.12049102783203
2020-09-30,2020-10-01,0.26666666666666666,0.4666666666666667,0.26666666666666666,0.0,312.22836509125534,272.3191710467639,178.7100067138672,77.10360717773438
2020-10-30,2020-11-02,0.26666666666666666,0.4666666666666667,0.26666666666666666,0.0,305.3031005859375,262.713304245053,177.4499969482422,77.10364921877989
2020-11-30,2020-12-01,0.26666666666666666,0.4666666666666667,0.0,0.2666666666666666,338.00621842500254,291.82089105884336,169.75999450683594,77.09774017333984
2020-12-31,2021-01-04,0.26666666666666666,0.4666666666666667,0.26666666666666666,0.0,348.4910332362678,305.071329680919,181.97000122070312,77.10614776611328
2021-01-29,2021-02-01,0.26666666666666666,0.4666666666666667,0.0,0.2666666666666666,347.0146269981,307.9756871077355,175.02000427246094,77.10614776611328
2021-02-26,2021-03-01,0.26666666666666666,0.4666666666666667,0.0,0.2666666666666666,358.0363995657325,309.0986863548367,163.02999877929688,77.09773655333862
2021-03-31,2021-04-01,0.26666666666666666,0.4666666666666667,0.0,0.2666666666666666,371.14265609357545,313.1726619288036,161.55999755859375,77.09774017333984
2021-04-30,2021-05-03,0.26666666666666666,0.4666666666666667,0.0,0.2666666666666666,390.7338721703828,328.83771665907204,167.61000061035156,77.080882831427
2021-05-28,2021-06-01,0.26666666666666666,0.4666666666666667,0.26666666666666666,0.0,393.6590435680493,325.0279678945049,178.75999450683594,77.07245635986328
2021-06-30,2021-07-01,0.26666666666666666,0.4666666666666667,0.0,0.2666666666666666,400.83506919032,343.62120059607673,166.64999389648438,77.0640294995677
2021-07-30,2021-08-02,0.26666666666666666,0.4666666666666667,0.0,0.2666666666666666,411.55521940428144,355.47083858690587,169.3000030517578,77.05562591552734
2021-08-31,2021-09-01,0.26666666666666666,0.4666666666666667,0.26666666666666666,0.0,422.97644169749,369.7952928881464,169.94000244140625,77.0556146667867
2021-09-30,2021-10-01,0.26666666666666666,0.4666666666666667,0.0,0.2666666666666666,404.0976283486504,348.40332487128245,164.27000427246094,77.05562591552734
2021-10-29,2021-11-01,0.26666666666666666,0.4666666666666667,0.0,0.2666666666666666,431.5887947913139,375.5682866192368,167.3800048828125,77.03876737137692
2021-11-30,2021-12-01,0.26666666666666666,0.4666666666666667,0.0,0.2666666666666666,432.8452422514508,386.9550697583902,166.83999633789062,77.03874969482422
2021-12-31,2022-01-03,0.26666666666666666,0.4666666666666667,0.26666666666666666,0.0,448.1597204058946,388.1983505629559,168.86000061035156,77.03030796156588
2022-01-31,2022-02-01,0.26666666666666666,0.2,0.0,0.5333333333333333,424.0533047955474,354.51966217601023,168.57000732421875,77.01346067327472
2022-02-28,2022-03-01,0.0,0.2,0.26666666666666666,0.5333333333333333,409.3374336179091,336.34774671347776,179.0500030517578,77.04043539814545
2022-03-31,2022-04-01,0.26666666666666666,0.2,0.26666666666666666,0.2666666666666666,427.8530688001301,353.38013902507805,179.5500030517578,77.04042975514541
2022-04-29,2022-05-02,0.0,0.2,0.26666666666666666,0.5333333333333333,388.9289811149941,304.69924800360195,173.61000061035156,77.05728753001084
2022-05-31,2022-06-01,0.0,0.2,0.0,0.8,391.8549115373816,302.40051240627986,172.2100067138672,77.08344522344197
2022-06-30,2022-07-01,0.0,0.2,0.0,0.8,356.9484798436387,272.22205305536403,167.13999938964844,77.11965942382812
2022-07-29,2022-08-01,0.0,0.2,0.0,0.8,387.8412366937113,306.0851537709431,164.97999572753906,77.15088549715817
2022-08-31,2022-09-01,0.0,0.2,0.0,0.8,372.428046300128,289.5635087150065,158.1699981689453,77.3189468383789
2022-09-30,2022-10-03,0.0,0.2,0.0,0.8,343.6807182327434,263.0522322436455,155.44000244140625,77.46691727501238
2022-10-31,2022-11-01,0.0,0.2,0.0,0.8,371.3404256632253,275.204224129554,153.82000732421875,77.60932267725236
2022-11-30,2022-12-01,0.26666666666666666,0.2,0.0,0.5333333333333333,389.0726695441886,287.1216426006435,167.47999572753906,77.84709167480469
2022-12-30,2023-01-03,0.0,0.2,0.26666666666666666,0.5333333333333333,367.52844425814527,263.27041050608824,171.32000732421875,78.12083435058594
2023-01-31,2023-02-01,0.26666666666666666,0.4666666666666667,0.26666666666666666,0.0,387.45528923844535,288.5145464564292,179.75,78.35658625489746
2023-02-28,2023-03-01,0.26666666666666666,0.4666666666666667,0.26666666666666666,0.0,378.0845645491764,287.3875822887834,170.9499969482422,78.61803282387366
2023-03-31,2023-04-03,0.26666666666666666,0.4666666666666667,0.26666666666666666,0.0,392.4277954226004,312.8703585335609,183.8500061035156,78.94647508237036
2023-04-28,2023-05-01,0.26666666666666666,0.4666666666666667,0.26666666666666666,0.0,398.7819109693187,316.1289260550677,186.0500030517578,79.21664238271363
2023-05-31,2023-06-01,0.26666666666666666,0.4666666666666667,0.26666666666666666,0.0,401.29661257093727,341.29439159721204,182.80999755859372,79.546875
2023-06-30,2023-07-03,0.26666666666666666,0.4666666666666667,0.26666666666666666,0.0,426.70853977944085,363.7191990468585,178.61000061035156,79.88006582893273
2023-07-31,2023-08-01,0.26666666666666666,0.4666666666666667,0.26666666666666666,0.0,439.5698514127993,375.7491432709596,180.8500061035156,80.19808197021484
2023-08-31,2023-09-01,0.26666666666666666,0.4666666666666667,0.26666666666666666,0.0,436.583382209709,373.87194360321496,180.8000030517578,80.58845520019531
2023-09-29,2023-10-02,0.26666666666666666,0.4666666666666667,0.0,0.2666666666666666,412.454856073705,352.89711788749423,170.22999572753906,80.91806894358503
2023-10-31,2023-11-01,0.0,0.4666666666666667,0.26666666666666666,0.2666666666666666,405.28129461149234,346.18445928320784,183.91000366210935,81.27034759521484
2023-11-30,2023-12-01,0.26666666666666666,0.4666666666666667,0.26666666666666666,0.0,440.6369346466972,381.6474431647872,188.80999755859372,81.65174592839242
2023-12-29,2024-01-02,0.26666666666666666,0.4666666666666667,0.26666666666666666,0.0,458.333531951908,400.4611063154308,191.44000244140625,81.98377990722656
2024-01-31,2024-02-01,0.26666666666666666,0.4666666666666667,0.26666666666666666,0.0,470.4383605479544,413.2394708816232,189.7100067138672,82.3660659790039
2024-02-29,2024-03-01,0.26666666666666666,0.4666666666666667,0.26666666666666666,0.0,494.0753617325155,434.0696668685972,190.2700042724609,82.70399593311723
2024-03-28,2024-04-01,0.26666666666666666,0.4666666666666667,0.26666666666666666,0.0,510.07039018205234,439.65308146497904,208.67999267578125,83.05229949951172
2024-04-30,2024-05-01,0.26666666666666666,0.4666666666666667,0.26666666666666666,0.0,488.2100967940072,418.0938044365129,212.9600067138672,83.41397140088554
2024-05-31,2024-06-03,0.26666666666666666,0.4666666666666667,0.26666666666666666,0.0,515.1241421408643,449.1384333222446,215.9199981689453,83.80185547379955
2024-06-28,2024-07-01,0.26666666666666666,0.4666666666666667,0.26666666666666666,0.0,533.0118486999152,475.0579027852008,215.25,84.13369750976562
2024-07-31,2024-08-01,0.26666666666666666,0.4666666666666667,0.26666666666666666,0.0,539.7913062018092,466.8638926545976,226.7400054931641,84.49452290343996
2024-08-30,2024-09-03,0.26666666666666666,0.4666666666666667,0.26666666666666666,0.0,547.508549729637,468.2889241832924,230.3800048828125,84.89765878581365
2024-09-30,2024-10-01,0.26666666666666666,0.4666666666666667,0.26666666666666666,0.0,561.8576982708267,483.3166898048119,245.1999969482422,85.25141143798828
2024-10-31,2024-11-01,0.26666666666666666,0.4666666666666667,0.26666666666666666,0.0,559.8196805621591,481.1363651731337,254.3300018310547,85.60484313964844
2024-11-29,2024-12-02,0.26666666666666666,0.4666666666666667,0.26666666666666666,0.0,590.8323780737772,506.4170995466131,244.4600067138672,85.9090576171875
2024-12-31,2025-01-02,0.26666666666666666,0.4666666666666667,0.26666666666666666,0.0,579.4696102256324,510.4994035854788,244.22000122070312,86.25065612792969
2025-01-31,2025-02-03,0.26666666666666666,0.4666666666666667,0.26666666666666666,0.0,582.6943020815504,509.6755846757201,259.75,86.55821228027344
2025-02-28,2025-03-03,0.26666666666666666,0.4666666666666667,0.26666666666666666,0.0,586.1452445030724,507.7399316146111,265.07000732421875,86.83180236816406
2025-03-31,2025-04-01,0.0,0.2,0.26666666666666666,0.5333333333333333,549.7159501655996,464.538472789733,288.5400085449219,87.11768341064453
2025-04-30,2025-05-01,0.0,0.2,0.26666666666666666,0.5333333333333333,552.5952816524762,480.5532529218463,297.4100036621094,87.41503143310547
2025-05-30,2025-06-02,0.26666666666666666,0.4666666666666667,0.26666666666666666,0.0,579.6053591727813,514.18335129797,309.2099914550781,87.73635713936532
2025-06-30,2025-07-01,0.26666666666666666,0.4666666666666667,0.26666666666666666,0.0,609.6054458188352,547.0950210069877,308.5599975585937,88.02040100097656
2025-07-31,2025-08-01,0.26666666666666666,0.4666666666666667,0.26666666666666666,0.0,619.4364414435403,556.1514446022372,308.6099853515625,88.35649871826172
2025-08-29,2025-09-02,0.26666666666666666,0.4666666666666667,0.26666666666666666,0.0,630.5136938017484,558.6195961337324,320.82000732421875,88.66759490966797
2025-09-30,2025-10-01,0.26666666666666666,0.4666666666666667,0.26666666666666666,0.0,657.7208749627936,594.9966151966095,356.1700134277344,88.95944213867188
2025-10-31,2025-11-03,0.26666666666666666,0.4666666666666667,0.26666666666666666,0.0,680.0359699637585,632.798481607898,368.9100036621094,89.26392364501953
2025-11-28,2025-12-01,0.26666666666666666,0.4666666666666667,0.26666666666666666,0.0,673.2323336611282,611.3967336448243,390.6099853515625,89.52844476958573
2025-12-31,2026-01-02,0.26666666666666666,0.4666666666666667,0.26666666666666666,0.0,682.0852055985325,618.5993129536024,401.6199951171875,89.84723663330078
2026-01-30,2026-02-02,0.26666666666666666,0.4666666666666667,0.26666666666666666,0.0,685.9348095869553,617.2425627681274,434.010009765625,90.08708190917967
2026-02-27,2026-03-02,0.26666666666666666,0.4666666666666667,0.26666666666666666,0.0,675.1123137702438,597.449233707877,490.1000061035156,90.32666015625
2026-03-31,2026-04-01,0.0,0.2,0.26666666666666666,0.5333333333333333,652.219751792706,580.8416686249938,435.0,90.5975341796875
2026-04-30,2026-05-01,0.26666666666666666,0.4666666666666667,0.26666666666666666,0.0,719.3966516418469,668.425399726581,421.4100036621094,90.87519325075054
2026-05-29,2026-06-01,0.26666666666666666,0.4666666666666667,0.26666666666666666,0.0,753.4189990020213,736.2309273283665,409.8599853515625,91.13270568847656
2026-06-30,2026-07-01,0.26666666666666666,0.4666666666666667,0.0,0.2666666666666666,745.0,729.1900024414062,371.2099914550781,91.4000015258789
